Project,Participant lab,Technology,Matrix long,Matrix short,Polarity,m/z range,Slide code,Pixel sixe,Additional information,Visible issues,Visual quality,Annotation QC,Dataset ID,Clone ID,Original link,Clone link
20 matrices,EMBL,AP-SMALDI5/Orbitrap,"2,5-dihydroxybenzoic acid",DHB,pos,70-350,7J,150,,,,,2021-02-17_18h14m40s,2021-06-21_12h45m04s,https://metaspace2020.eu/annotations?ds=2021-02-17_18h14m40s,https://metaspace2020.eu/annotations?ds=2021-06-21_12h45m04s
20 matrices,EMBL,AP-SMALDI5/Orbitrap,"2,5-dihydroxybenzoic acid",DHB,pos,300-1510,7J,150,,,,,2021-02-19_12h11m04s,2021-06-21_12h45m04s,https://metaspace2020.eu/annotations?ds=2021-02-19_12h11m04s,https://metaspace2020.eu/annotations?ds=2021-06-21_12h45m04s
20 matrices,EMBL,AP-SMALDI5/Orbitrap,"2,5-dihydroxybenzoic acid",DHB,neg,70-350,7J,150,,,,,2021-02-17_15h44m30s,2021-06-18_10h54m38s,https://metaspace2020.eu/annotations?ds=2021-02-17_15h44m30s,https://metaspace2020.eu/annotations?ds=2021-06-18_10h54m38s
20 matrices,EMBL,AP-SMALDI5/Orbitrap,"2,5-dihydroxybenzoic acid",DHB,neg,300-1510,7J,150,,,,,2021-02-17_18h29m11s,2021-06-18_10h54m38s,https://metaspace2020.eu/annotations?ds=2021-02-17_18h29m11s,https://metaspace2020.eu/annotations?ds=2021-06-18_10h54m38s
20 matrices,EMBL,AP-SMALDI5/Orbitrap,"1,5-diaminonaphthalene",DAN,pos,70-350,7A,150,,,,,2021-02-15_17h57m16s,2021-06-21_12h38m55s,https://metaspace2020.eu/annotations?ds=2021-02-15_17h57m16s,https://metaspace2020.eu/annotations?ds=2021-06-21_12h38m55s
20 matrices,EMBL,AP-SMALDI5/Orbitrap,"1,5-diaminonaphthalene",DAN,pos,300-1510,7A,150,,,,,2021-02-16_06h28m34s,2021-06-21_12h38m55s,https://metaspace2020.eu/annotations?ds=2021-02-16_06h28m34s,https://metaspace2020.eu/annotations?ds=2021-06-21_12h38m55s
20 matrices,EMBL,AP-SMALDI5/Orbitrap,"1,5-diaminonaphthalene",DAN,neg,70-350,7A,150,,,,,2021-02-13_11h05m05s,2021-06-18_10h49m47s,https://metaspace2020.eu/annotations?ds=2021-02-13_11h05m05s,https://metaspace2020.eu/annotations?ds=2021-06-18_10h49m47s
20 matrices,EMBL,AP-SMALDI5/Orbitrap,"1,5-diaminonaphthalene",DAN,neg,300-1510,7A,150,,,,,2021-02-16_12h29m10s,2021-06-18_10h49m47s,https://metaspace2020.eu/annotations?ds=2021-02-16_12h29m10s,https://metaspace2020.eu/annotations?ds=2021-06-18_10h49m47s
interlab,Goodwin/Strittmatter,DESI/Orbitrap,none,none,pos,70-400,1A,100,"Sample S1A positive ion mode, m/z 70-400 MeOH/H2O 95:5, 1.5uL/min, 4.5kV, S-Lens 50, 150ms IT",some smears,med,,2021-02-15_21h23m26s,2021-04-24_22h19m16s,https://metaspace2020.eu/annotations?ds=2021-02-15_21h23m26s,https://metaspace2020.eu/annotations?ds=2021-04-24_22h19m16s
interlab,Goodwin/Strittmatter,DESI/Orbitrap,none,none,pos,350-1300,1A,100,"Sample S1A positive ion mode, m/z 350-1300 MeOH/H2O 95:5, 1.5uL/min, 4.5kV, S-Lens 100, 150ms IT",some smears,med,,2021-02-15_22h07m52s,2021-04-24_22h19m18s,https://metaspace2020.eu/annotations?ds=2021-02-15_22h07m52s,https://metaspace2020.eu/annotations?ds=2021-04-24_22h19m18s
interlab,Goodwin/Strittmatter,DESI/Orbitrap,none,none,neg,70-400,1B,100,"negative ion mode, m/z 70-400 MeOH/H2O 95:5, 1.5uL/min, 4.5kV, S-Lens 50, 150ms IT",some smears,med,,2021-02-15_23h09m43s,2021-04-24_22h19m21s,https://metaspace2020.eu/annotations?ds=2021-02-15_23h09m43s,https://metaspace2020.eu/annotations?ds=2021-04-24_22h19m21s
interlab,Goodwin/Strittmatter,DESI/Orbitrap,none,none,neg,350-1300,1B,100,"negative ion mode, m/z 350-1300 MeOH/H2O 95:5, 1.5uL/min, 4.5kV, S-Lens 100, 150ms IT",some smears,med,,2021-02-15_22h18m04s,2021-04-24_22h19m22s,https://metaspace2020.eu/annotations?ds=2021-02-15_22h18m04s,https://metaspace2020.eu/annotations?ds=2021-04-24_22h19m22s
interlab,Goodwin/Strittmatter,DESI/Orbitrap,none,none,neg,70-400,1C,100,"Sample S1C negative ion mode, m/z 70-400 MeOH/H2O 95:5, 1.0uL/min, 4.5kV, S-Lens 50, 150ms IT, 4.5bar N2, 70deg angle",some smears,med,,2021-02-22_11h19m14s,2021-04-24_22h19m24s,https://metaspace2020.eu/annotations?ds=2021-02-22_11h19m14s,https://metaspace2020.eu/annotations?ds=2021-04-24_22h19m24s
interlab,Goodwin/Strittmatter,DESI/Orbitrap,none,none,neg,350-1300,1C,100,"Sample S1C negative ion mode, m/z 350-1300 MeOH/H2O 95:5, 1.0uL/min, 4.5kV, S-Lens 100, 150ms IT, 4.5bar N2, 70deg angle",some smears,med,,2021-02-22_11h20m53s,2021-04-24_22h19m26s,https://metaspace2020.eu/annotations?ds=2021-02-22_11h20m53s,https://metaspace2020.eu/annotations?ds=2021-04-24_22h19m26s
interlab,Goodwin/Strittmatter,DESI/Orbitrap,none,none,pos,70-400,1D,100,"Sample S1D positive ion mode, m/z 70-400 MeOH/H2O 95:5, 1.0uL/min, 4.5kV, S-Lens 50, 150ms IT, 4.5bar N2, 70deg angle",some smears,med,,2021-02-22_17h33m33s,2021-04-24_22h19m28s,https://metaspace2020.eu/annotations?ds=2021-02-22_17h33m33s,https://metaspace2020.eu/annotations?ds=2021-04-24_22h19m28s
interlab,Goodwin/Strittmatter,DESI/Orbitrap,none,none,pos,350-1300,1D,100,"Sample S1D positive ion mode, m/z 350-1300 MeOH/H2O 95:5, 1.0uL/min, 4.5kV, S-Lens 100, 150ms IT, 4.5bar N2, 70deg angle",some smears,med,,2021-02-22_17h43m57s,2021-04-24_22h19m30s,https://metaspace2020.eu/annotations?ds=2021-02-22_17h43m57s,https://metaspace2020.eu/annotations?ds=2021-04-24_22h19m30s
20 matrices,EMBL,AP-SMALDI5/Orbitrap,norharmane,NOR,pos,70-350,6F,150,,,,,2021-02-28_07h58m29s,2021-06-21_12h54m04s,https://metaspace2020.eu/annotations?ds=2021-02-28_07h58m29s,https://metaspace2020.eu/annotations?ds=2021-06-21_12h54m04s
20 matrices,EMBL,AP-SMALDI5/Orbitrap,norharmane,NOR,pos,300-1510,6F,150,,,,,2021-03-05_15h01m51s,2021-06-21_12h54m04s,https://metaspace2020.eu/annotations?ds=2021-03-05_15h01m51s,https://metaspace2020.eu/annotations?ds=2021-06-21_12h54m04s
20 matrices,EMBL,AP-SMALDI5/Orbitrap,norharmane,NOR,neg,70-350,6F,150,,,,,2021-02-28_18h28m55s,2021-06-18_11h04m19s,https://metaspace2020.eu/annotations?ds=2021-02-28_18h28m55s,https://metaspace2020.eu/annotations?ds=2021-06-18_11h04m19s
20 matrices,EMBL,AP-SMALDI5/Orbitrap,norharmane,NOR,neg,300-1510,6F,150,,,,,2021-02-28_18h37m48s,2021-06-18_11h04m19s,https://metaspace2020.eu/annotations?ds=2021-02-28_18h37m48s,https://metaspace2020.eu/annotations?ds=2021-06-18_11h04m19s
20 matrices,EMBL,AP-SMALDI5/Orbitrap,9-aminoacridine,9AA,pos,70-350,6J,150,,,,,2021-03-07_11h36m10s,2021-06-21_12h29m16s,https://metaspace2020.eu/annotations?ds=2021-03-07_11h36m10s,https://metaspace2020.eu/annotations?ds=2021-06-21_12h29m16s
20 matrices,EMBL,AP-SMALDI5/Orbitrap,9-aminoacridine,9AA,pos,300-1510,6J,150,,,,,2021-03-08_10h38m53s,2021-06-21_12h29m16s,https://metaspace2020.eu/annotations?ds=2021-03-08_10h38m53s,https://metaspace2020.eu/annotations?ds=2021-06-21_12h29m16s
20 matrices,EMBL,AP-SMALDI5/Orbitrap,9-aminoacridine,9AA,neg,70-350,6J,150,,,,,2021-03-07_00h41m49s,2021-06-18_10h37m54s,https://metaspace2020.eu/annotations?ds=2021-03-07_00h41m49s,https://metaspace2020.eu/annotations?ds=2021-06-18_10h37m54s
20 matrices,EMBL,AP-SMALDI5/Orbitrap,9-aminoacridine,9AA,neg,300-1510,6J,150,,,,,2021-03-07_22h41m32s,2021-06-18_10h37m54s,https://metaspace2020.eu/annotations?ds=2021-03-07_22h41m32s,https://metaspace2020.eu/annotations?ds=2021-06-18_10h37m54s
interlab,Janfeldt/Pinto,DESI/Orbitrap,none,none,pos,75-500,5H,150,"Sample 5H, m/z range 75-500, 90:10 meOH:H2O, 3 µl/min, N2 7bar, IT 100, S-lens 100, 5kV",small smears,med,,2021-03-22_13h37m54s,2021-04-24_23h00m42s,https://metaspace2020.eu/annotations?ds=2021-03-22_13h37m54s,https://metaspace2020.eu/annotations?ds=2021-04-24_23h00m42s
interlab,Janfeldt/Pinto,DESI/Orbitrap,none,none,pos,75-500,5Hr,150,"Sample 5H replicate, m/z range 75-500, 90:10 meOH:H2O, 3 µl/min, N2 7bar, IT 100, S-lens 100, 5kV",larger smears,med,,2021-03-22_13h39m15s,2021-04-24_23h00m44s,https://metaspace2020.eu/annotations?ds=2021-03-22_13h39m15s,https://metaspace2020.eu/annotations?ds=2021-04-24_23h00m44s
interlab,Janfeldt/Pinto,DESI/Orbitrap,none,none,pos,100-1500,5J,150,"Sample 5J, m/z range 100-1500, 90:10 meOH:H2O, 3 µl/min, N2 7bar, IT 100, S-lens 100, 5kV",vertical line/smear,med,,2021-03-22_13h40m42s,2021-04-24_23h00m46s,https://metaspace2020.eu/annotations?ds=2021-03-22_13h40m42s,https://metaspace2020.eu/annotations?ds=2021-04-24_23h00m46s
interlab,Janfeldt/Pinto,DESI/Orbitrap,none,none,pos,100-1500,5Jr,150,"Sample 5J replicate, m/z range 100-1500, 90:10 meOH:H2O, 3 µl/min, N2 7bar, IT 100, S-lens 100, 5kV",large smears,lo,,2021-03-22_13h49m18s,2021-04-24_23h00m48s,https://metaspace2020.eu/annotations?ds=2021-03-22_13h49m18s,https://metaspace2020.eu/annotations?ds=2021-04-24_23h00m48s
interlab,Janfeldt/Pinto,DESI/Orbitrap,none,none,neg,75-500,5G,150,"Sample 5G, m/z range 75-500, 90:10 meOH:H2O, 3 µl/min, N2 7bar, IT 100, S-lens 100, 5kV",image cut?,hi,,2021-03-22_13h50m40s,2021-04-24_23h00m50s,https://metaspace2020.eu/annotations?ds=2021-03-22_13h50m40s,https://metaspace2020.eu/annotations?ds=2021-04-24_23h00m50s
interlab,Janfeldt/Pinto,DESI/Orbitrap,none,none,neg,75-500,5Gr,150,"Sample 5G replicate, m/z range 75-500, 90:10 meOH:H2O, 3 µl/min, N2 7bar, IT 100, S-lens 100, 5kV",some delocalisation,med,,2021-03-22_13h51m44s,2021-04-24_23h00m52s,https://metaspace2020.eu/annotations?ds=2021-03-22_13h51m44s,https://metaspace2020.eu/annotations?ds=2021-04-24_23h00m52s
interlab,Janfeldt/Pinto,DESI/Orbitrap,none,none,neg,100-1500,5I,150,"Sample 5I, m/z range 100-1500, 90:10 meOH:H2O, 3 µl/min, N2 7bar, IT 100, S-lens 100, 5kV",small smears,med,,2021-03-22_13h53m18s,2021-04-24_23h00m55s,https://metaspace2020.eu/annotations?ds=2021-03-22_13h53m18s,https://metaspace2020.eu/annotations?ds=2021-04-24_23h00m55s
interlab,Janfeldt/Pinto,DESI/Orbitrap,none,none,neg,100-1500,5Ir,150,"Sample 5I replicate, m/z range 100-1500, 90:10 meOH:H2O, 3 µl/min, N2 7bar, IT 100, S-lens 100, 5kV",large smears,med,,2021-03-22_13h59m01s,2021-04-24_23h00m57s,https://metaspace2020.eu/annotations?ds=2021-03-22_13h59m01s,https://metaspace2020.eu/annotations?ds=2021-04-24_23h00m57s
interlab,Dreisewerd/Soltwisch,MALDI-2/QExactive Plus (Orbitrap),"2,5-dihydroxyacetophenone",DHAP,pos,100-1500,4C,100,none,ok,hi,,2021-03-22_14h59m52s,2021-04-24_23h00m59s,https://metaspace2020.eu/annotations?ds=2021-03-22_14h59m52s,https://metaspace2020.eu/annotations?ds=2021-04-24_23h00m59s
interlab,Dreisewerd/Soltwisch,MALDI-2/QExactive Plus (Orbitrap),"2,5-dihydroxyacetophenone",DHAP,pos,100-1500,4F,100,none,ok,hi,,2021-03-22_15h14m29s,2021-04-24_23h01m01s,https://metaspace2020.eu/annotations?ds=2021-03-22_15h14m29s,https://metaspace2020.eu/annotations?ds=2021-04-24_23h01m01s
20 matrices,EMBL,AP-SMALDI5/Orbitrap,α-Cyano-4-hydroxycinnamic acid,CHCA,pos,70-350,6G,150,,,,,2021-03-24_23h18m35s,2021-06-21_12h32m53s,https://metaspace2020.eu/annotations?ds=2021-03-24_23h18m35s,https://metaspace2020.eu/annotations?ds=2021-06-21_12h32m53s
20 matrices,EMBL,AP-SMALDI5/Orbitrap,α-Cyano-4-hydroxycinnamic acid,CHCA,pos,300-1510,6G,150,,,,,2021-03-24_21h05m49s,2021-06-21_12h32m53s,https://metaspace2020.eu/annotations?ds=2021-03-24_21h05m49s,https://metaspace2020.eu/annotations?ds=2021-06-21_12h32m53s
20 matrices,EMBL,AP-SMALDI5/Orbitrap,α-Cyano-4-hydroxycinnamic acid,CHCA,neg,70-350,6G,150,,,,,2021-03-24_23h17m42s,2021-06-18_10h41m59s,https://metaspace2020.eu/annotations?ds=2021-03-24_23h17m42s,https://metaspace2020.eu/annotations?ds=2021-06-18_10h41m59s
20 matrices,EMBL,AP-SMALDI5/Orbitrap,α-Cyano-4-hydroxycinnamic acid,CHCA,neg,300-1510,6G,150,,,,,2021-03-24_21h13m43s,2021-06-18_10h41m59s,https://metaspace2020.eu/annotations?ds=2021-03-24_21h13m43s,https://metaspace2020.eu/annotations?ds=2021-06-18_10h41m59s
20 matrices,EMBL,AP-SMALDI5/Orbitrap,N-(1-Naphthyl)ethylenediamine dihydrochloride,NEDC,pos,70-350,3H,150,,,,,2021-04-11_21h47m45s,2021-06-21_12h50m44s,https://metaspace2020.eu/annotations?ds=2021-04-11_21h47m45s,https://metaspace2020.eu/annotations?ds=2021-06-21_12h50m44s
20 matrices,EMBL,AP-SMALDI5/Orbitrap,N-(1-Naphthyl)ethylenediamine dihydrochloride,NEDC,pos,300-1510,3H,150,,,,,2021-04-11_21h56m24s,2021-06-21_12h50m44s,https://metaspace2020.eu/annotations?ds=2021-04-11_21h56m24s,https://metaspace2020.eu/annotations?ds=2021-06-21_12h50m44s
20 matrices,EMBL,AP-SMALDI5/Orbitrap,N-(1-Naphthyl)ethylenediamine dihydrochloride,NEDC,neg,70-350,3H,150,,,,,2021-04-11_21h45m24s,2021-06-18_10h59m48s,https://metaspace2020.eu/annotations?ds=2021-04-11_21h45m24s,https://metaspace2020.eu/annotations?ds=2021-06-18_10h59m48s
20 matrices,EMBL,AP-SMALDI5/Orbitrap,N-(1-Naphthyl)ethylenediamine dihydrochloride,NEDC,neg,300-1510,3H,150,,,,,2021-04-11_21h49m05s,2021-06-18_10h59m48s,https://metaspace2020.eu/annotations?ds=2021-04-11_21h49m05s,https://metaspace2020.eu/annotations?ds=2021-06-18_10h59m48s
20 matrices,EMBL,AP-SMALDI5/Orbitrap,PNDI-T2,PNDI,pos,70-350,6H,150,"att 29, rf 50",,,,2021-03-24_23h48m29s,2021-06-21_12h59m59s,https://metaspace2020.eu/annotations?ds=2021-03-24_23h48m29s,https://metaspace2020.eu/annotations?ds=2021-06-21_12h59m59s
20 matrices,EMBL,AP-SMALDI5/Orbitrap,PNDI-T2,PNDI,pos,300-1510,6H,150,"att 29, rf 100",,,,2021-03-25_02h03m16s,2021-06-21_12h59m59s,https://metaspace2020.eu/annotations?ds=2021-03-25_02h03m16s,https://metaspace2020.eu/annotations?ds=2021-06-21_12h59m59s
20 matrices,EMBL,AP-SMALDI5/Orbitrap,PNDI-T2,PNDI,neg,70-350,6H,150,"att 29, rf 50",,,,2021-03-25_02h58m18s,2021-06-18_11h09m13s,https://metaspace2020.eu/annotations?ds=2021-03-25_02h58m18s,https://metaspace2020.eu/annotations?ds=2021-06-18_11h09m13s
20 matrices,EMBL,AP-SMALDI5/Orbitrap,PNDI-T2,PNDI,neg,300-1510,6H,150,"att 29, rf 100",,,,2021-03-25_04h45m01s,2021-06-18_11h09m13s,https://metaspace2020.eu/annotations?ds=2021-03-25_04h45m01s,https://metaspace2020.eu/annotations?ds=2021-06-18_11h09m13s
interlab,Eberlin/King,DESI/Orbitrap,none,none,neg,70-400,1G,100,Q exactive HF; m/z 70-400; flow rate: 1.5 uL/min; 180 psi N2; S-lens 50; 100ms IT; 4.5 kV; cap temp: 310C; 2 uscans,ok,med,,2021-03-29_04h08m18s,2021-04-24_23h01m03s,https://metaspace2020.eu/annotations?ds=2021-03-29_04h08m18s,https://metaspace2020.eu/annotations?ds=2021-04-24_23h01m03s
interlab,Eberlin/King,DESI/Orbitrap,none,none,neg,70-400,1H,100,Q exactive HF; m/z 70-400; flow rate: 1.5 uL/min; 180 psi N2; S-lens 50; 100ms IT; 4.5 kV; cap temp: 310C; 2 uscans,ok,med,,2021-03-29_03h23m18s,2021-04-24_23h01m06s,https://metaspace2020.eu/annotations?ds=2021-03-29_03h23m18s,https://metaspace2020.eu/annotations?ds=2021-04-24_23h01m06s
interlab,Eberlin/King,DESI/Orbitrap,none,none,neg,400-1500,1G,100,Q exactive HF; m/z 400-1500; flow rate: 1.5 uL/min; 180 psi N2; S-lens 100; 100ms IT; 4.5 kV; cap temp: 310C; 2 uscans,stripes/smears,lo,,2021-03-29_02h41m53s,2021-04-24_23h01m08s,https://metaspace2020.eu/annotations?ds=2021-03-29_02h41m53s,https://metaspace2020.eu/annotations?ds=2021-04-24_23h01m08s
interlab,Eberlin/King,DESI/Orbitrap,none,none,neg,400-1500,1H,100,Q exactive HF; m/z 400-1500; flow rate: 1.5 uL/min; 180 psi N2; S-lens 100; 100ms IT; 4.5 kV; cap temp: 310C; 2 uscans,stripes/smears,lo,,2021-03-29_02h08m19s,2021-04-24_23h01m10s,https://metaspace2020.eu/annotations?ds=2021-03-29_02h08m19s,https://metaspace2020.eu/annotations?ds=2021-04-24_23h01m10s
interlab,Eberlin/King,DESI/Orbitrap,none,none,pos,400-1500,1I,100,Q exactive HF; m/z 400-1500; flow rate: 3 uL/min; 180 psi N2; S-lens 100; 100ms IT; 4.5 kV; cap temp: 310C; 2 uscans,stripes/smears,lo,,2021-03-29_00h13m35s,2021-04-24_23h01m12s,https://metaspace2020.eu/annotations?ds=2021-03-29_00h13m35s,https://metaspace2020.eu/annotations?ds=2021-04-24_23h01m12s
interlab,Eberlin/King,DESI/Orbitrap,none,none,pos,400-1500,1J,100,Q exactive HF; m/z 400-1500; flow rate: 3 uL/min; 180 psi N2; S-lens 100; 100ms IT; 4.5 kV; cap temp: 310C; 2 uscans,stripes/smears,lo,,2021-03-28_23h24m30s,2021-04-24_23h01m14s,https://metaspace2020.eu/annotations?ds=2021-03-28_23h24m30s,https://metaspace2020.eu/annotations?ds=2021-04-24_23h01m14s
interlab,Eberlin/King,DESI/Orbitrap,none,none,pos,70-400,1J,100,Q exactive HF; m/z 70-400; flow rate: 3 uL/min; 180 psi N2; S-lens 50; 100ms IT; 4.5 kV; cap temp: 310C; 2 uscans,ok,hi,,2021-03-28_22h13m58s,2021-04-24_23h01m16s,https://metaspace2020.eu/annotations?ds=2021-03-28_22h13m58s,https://metaspace2020.eu/annotations?ds=2021-04-24_23h01m16s
interlab,Eberlin/King,DESI/Orbitrap,none,none,pos,70-400,1I,100,Q exactive HF; m/z 70-400; flow rate: 3 uL/min; 180 psi N2; S-lens 50; 100ms IT; 4.5 kV; cap temp: 310C; 2 uscans,some smears,med,,2021-03-28_21h33m31s,2021-04-24_23h01m18s,https://metaspace2020.eu/annotations?ds=2021-03-28_21h33m31s,https://metaspace2020.eu/annotations?ds=2021-04-24_23h01m18s
interlab,Muddiman/Pace,IR-MALDESI/Orbitrap,none,none,neg,200-1250,9E,100,none,squished,,,2021-04-05_03h27m09s,2021-04-24_23h01m20s,https://metaspace2020.eu/annotations?ds=2021-04-05_03h27m09s,https://metaspace2020.eu/annotations?ds=2021-04-24_23h01m20s
interlab,Muddiman/Pace,IR-MALDESI/Orbitrap,none,none,neg,70-350,9E,100,none,squished,,,2021-04-05_03h27m27s,2021-04-24_23h01m22s,https://metaspace2020.eu/annotations?ds=2021-04-05_03h27m27s,https://metaspace2020.eu/annotations?ds=2021-04-24_23h01m22s
interlab,Muddiman/Pace,IR-MALDESI/Orbitrap,none,none,pos,200-1550,9D,100,none,squished,,,2021-04-05_02h41m43s,2021-04-24_23h01m24s,https://metaspace2020.eu/annotations?ds=2021-04-05_02h41m43s,https://metaspace2020.eu/annotations?ds=2021-04-24_23h01m24s
interlab,Muddiman/Pace,IR-MALDESI/Orbitrap,none,none,pos,70-350,9D,100,none,squished,,,2021-04-05_02h41m20s,2021-04-24_23h01m26s,https://metaspace2020.eu/annotations?ds=2021-04-05_02h41m20s,https://metaspace2020.eu/annotations?ds=2021-04-24_23h01m26s
interlab,Muddiman/Pace,IR-MALDESI/Orbitrap,none,none,neg,200-1250,9B,100,none,squished,,,2021-04-02_21h25m32s,2021-04-24_23h01m28s,https://metaspace2020.eu/annotations?ds=2021-04-02_21h25m32s,https://metaspace2020.eu/annotations?ds=2021-04-24_23h01m28s
interlab,Muddiman/Pace,IR-MALDESI/Orbitrap,none,none,neg,70-350,9B,100,none,squished,,,2021-04-02_16h49m08s,2021-04-24_23h01m30s,https://metaspace2020.eu/annotations?ds=2021-04-02_16h49m08s,https://metaspace2020.eu/annotations?ds=2021-04-24_23h01m30s
interlab,Muddiman/Pace,IR-MALDESI/Orbitrap,none,none,pos,200-1515,9A,100,none,squished,,,2021-03-31_14h39m43s,2021-04-24_23h01m32s,https://metaspace2020.eu/annotations?ds=2021-03-31_14h39m43s,https://metaspace2020.eu/annotations?ds=2021-04-24_23h01m32s
interlab,Muddiman/Pace,IR-MALDESI/Orbitrap,none,none,pos,70-350,9A,100,none,squished,,,2021-03-31_01h23m36s,2021-04-24_23h01m34s,https://metaspace2020.eu/annotations?ds=2021-03-31_01h23m36s,https://metaspace2020.eu/annotations?ds=2021-04-24_23h01m34s
interlab,Hopf/Bausbacher,MALDI/FTICR(Solarix),"1,5-diaminonaphthalene",DAN,neg,60-700,12E,100,"Laser: minimal, 150 shots/pixel @2000hZ, Q1 mass 80mz Matrix application: 70°C nozzle temp, 7 passes, concentration 10 mg/mL, flowrate 0.1 mL/min, sprayhead velocity 1200 mm/min, track spacing 3mm, gas pressure 10psi",ok,hi,,2021-04-13_14h54m56s,2021-04-24_23h01m36s,https://metaspace2020.eu/annotations?ds=2021-04-13_14h54m56s,https://metaspace2020.eu/annotations?ds=2021-04-24_23h01m36s
interlab,Hopf/Bausbacher,MALDI/FTICR(Solarix),"1,5-diaminonaphthalene",DAN,neg,118.5-1700,12E,100,"Laser: minimal, 150 shots/pixel @2000hZ, Q1 mass 600 Matrix application: 70°C nozzle temp, 7 passes, concentration 10 mg/mL, flowrate 0.1 mL/min, sprayhead velocity 1200 mm/min, track spacing 3mm, gas pressure 10psi",ok,hi,,2021-04-13_14h55m01s,2021-04-24_23h01m38s,https://metaspace2020.eu/annotations?ds=2021-04-13_14h55m01s,https://metaspace2020.eu/annotations?ds=2021-04-24_23h01m38s
interlab,Hopf/Bausbacher,MALDI/FTICR(Solarix),"2,5-dihydroxybenzoic acid/TFA",DHB,pos,64.5-700,12C,100,"Laser: minimal, 300 shots/pixel @2000hZ, Q1 mass 150 Matrix application: 75°C nozzle temp, 8 passes, concentration 50 mg/mL, flowrate 0.1 mL/min, sprayhead velocity 1200 mm/min, track spacing 3mm, gas pressure 10psi",ok,hi,,2021-04-13_14h54m11s,2021-04-24_23h01m40s,https://metaspace2020.eu/annotations?ds=2021-04-13_14h54m11s,https://metaspace2020.eu/annotations?ds=2021-04-24_23h01m40s
interlab,Hopf/Bausbacher,MALDI/FTICR(Solarix),"1,5-diaminonaphthalene",DAN,neg,118.5-1700,12D,100,"Laser: minimal, 150 shots/pixel @2000hZ, Q1 mass 600 Matrix application: 70°C nozzle temp, 7 passes, concentration 10 mg/mL, flowrate 0.1 mL/min, sprayhead velocity 1200 mm/min, track spacing 3mm, gas pressure 10psi",ok,hi,,2021-04-13_14h54m48s,2021-04-24_23h01m42s,https://metaspace2020.eu/annotations?ds=2021-04-13_14h54m48s,https://metaspace2020.eu/annotations?ds=2021-04-24_23h01m42s
interlab,Hopf/Bausbacher,MALDI/FTICR(Solarix),"1,5-diaminonaphthalene",DAN,neg,64.5-700,12D,100,"Laser: minimal, 150 shots/pixel @2000hZ, Q1 mass 80 mz Matrix application: 70°C nozzle temp, 7 passes, concentration 10 mg/mL, flowrate 0.1 mL/min, sprayhead velocity 1200 mm/min, track spacing 3mm, gas pressure 10psi",some delocasisation,med,,2021-04-13_14h54m43s,2021-04-24_23h01m44s,https://metaspace2020.eu/annotations?ds=2021-04-13_14h54m43s,https://metaspace2020.eu/annotations?ds=2021-04-24_23h01m44s
interlab,Hopf/Bausbacher,MALDI/FTICR(Solarix),"2,5-dihydroxybenzoic acid/TFA",DHB,pos,400-1700,12C,100,"Laser: minimal, 300 shots/pixel @2000hZ, Q1 mass 600 Matrix application: 75°C nozzle temp, 8 passes, concentration 50 mg/mL, flowrate 0.1 mL/min, sprayhead velocity 1200 mm/min, track spacing 3mm, gas pressure 10psi",ok,hi,,2021-04-13_14h54m24s,2021-04-24_23h01m46s,https://metaspace2020.eu/annotations?ds=2021-04-13_14h54m24s,https://metaspace2020.eu/annotations?ds=2021-04-24_23h01m46s
interlab,Hopf/Bausbacher,MALDI/FTICR(Solarix),"2,5-dihydroxybenzoic acid/TFA",DHB,pos,120-1700,12B,100,"Laser: minimal, 300 shots/pixel @2000hZ, Q1 mass 600 Matrix application: 75°C nozzle temp, 8 passes, concentration 50 mg/mL, flowrate 0.1 mL/min, sprayhead velocity 1200 mm/min, track spacing 3mm, gas pressure 10psi",ok,hi,,2021-04-13_14h54m03s,2021-04-24_23h01m48s,https://metaspace2020.eu/annotations?ds=2021-04-13_14h54m03s,https://metaspace2020.eu/annotations?ds=2021-04-24_23h01m48s
interlab,Hopf/Bausbacher,MALDI/FTICR(Solarix),"2,5-dihydroxybenzoic acid/TFA",DHB,pos,64.5-700,12B,100,"Laser: minimal, 300 shots/pixel @2000hZ, Q1 mass 150 Matrix application: 75°C nozzle temp, 8 passes, concentration 50 mg/mL, flowrate 0.1 mL/min, sprayhead velocity 1200 mm/min, track spacing 3mm, gas pressure 10psi",ok,hi,,2021-04-13_14h54m02s,2021-04-24_23h01m50s,https://metaspace2020.eu/annotations?ds=2021-04-13_14h54m02s,https://metaspace2020.eu/annotations?ds=2021-04-24_23h01m50s
interlab,Hopf/Bausbacher,MALDI/qTOF(TimsTOF),"1,5-diaminonaphthalene",DAN,neg,400-1700,12I,100,"Laser: M5 small, 200 shots/pixel @10000hZ, Q1 mass 300 Matrix application: 70°C nozzle temp, 7 passes, concentration 10 mg/mL, flowrate 0.1 mL/min, sprayhead velocity 1200 mm/min, track spacing 3mm, gas pressure 10psi","low mass res, mass accuracy 15 ppm",hi,,2021-04-12_12h13m45s,2021-04-24_23h01m52s,https://metaspace2020.eu/annotations?ds=2021-04-12_12h13m45s,https://metaspace2020.eu/annotations?ds=2021-04-24_23h01m52s
interlab,Hopf/Bausbacher,MALDI/qTOF(TimsTOF),"1,5-diaminonaphthalene",DAN,neg,60-700,12I,100,"Laser: M5 small, 200 shots/pixel @10000hZ, Q1 mass 100 Matrix application: 70°C nozzle temp, 7 passes, concentration 10 mg/mL, flowrate 0.1 mL/min, sprayhead velocity 1200 mm/min, track spacing 3mm, gas pressure 10psi","some delocalisation, low mass res, mass accuracy 15 ppm",med,,2021-04-12_12h13m43s,2021-04-24_23h01m54s,https://metaspace2020.eu/annotations?ds=2021-04-12_12h13m43s,https://metaspace2020.eu/annotations?ds=2021-04-24_23h01m54s
interlab,Hopf/Bausbacher,MALDI/qTOF(TimsTOF),"1,5-diaminonaphthalene",DAN,neg,60-700,12J,100,"Laser: M5 small, 200 shots/pixel @10000hZ, Q1 mass 100 Matrix application: 70°C nozzle temp, 7 passes, concentration 10 mg/mL, flowrate 0.1 mL/min, sprayhead velocity 1200 mm/min, track spacing 3mm, gas pressure 10psi","low mass res, mass accuracy 15 ppm",hi,,2021-04-12_12h13m38s,2021-04-24_23h01m56s,https://metaspace2020.eu/annotations?ds=2021-04-12_12h13m38s,https://metaspace2020.eu/annotations?ds=2021-04-24_23h01m56s
interlab,Hopf/Bausbacher,MALDI/qTOF(TimsTOF),"1,5-diaminonaphthalene",DAN,neg,400-1700,12J,100,"Laser: M5 small, 200 shots/pixel @10000hZ, Q1 mass 300 Matrix application: 70°C nozzle temp, 7 passes, concentration 10 mg/mL, flowrate 0.1 mL/min, sprayhead velocity 1200 mm/min, track spacing 3mm, gas pressure 10psi","low mass res, mass accuracy 15 ppm",hi,,2021-04-12_12h13m41s,2021-04-24_23h01m58s,https://metaspace2020.eu/annotations?ds=2021-04-12_12h13m41s,https://metaspace2020.eu/annotations?ds=2021-04-24_23h01m58s
interlab,Hopf/Bausbacher,MALDI/qTOF(TimsTOF),"2,5-dihydroxybenzoic acid/TFA",DHB,pos,60-700,12H,100,"Laser: M5 small, 2000 shots/pixel @10000hZ, Q1 mass 100 Matrix application: 75°C nozzle temp, 8 passes, concentration 50 mg/mL, flowrate 0.1 mL/min, sprayhead velocity 1200 mm/min, track spacing 3mm, gas pressure 10psi","low mass res, mass accuracy 15 ppm",hi,,2021-04-12_11h46m58s,2021-04-24_23h02m00s,https://metaspace2020.eu/annotations?ds=2021-04-12_11h46m58s,https://metaspace2020.eu/annotations?ds=2021-04-24_23h02m00s
interlab,Hopf/Bausbacher,MALDI/qTOF(TimsTOF),"2,5-dihydroxybenzoic acid/TFA",DHB,pos,60-700,12G,100,"Laser: M5 small, 2000 shots/pixel @10000hZ, Q1 mass 100 Matrix application: 75°C nozzle temp, 8 passes, concentration 50 mg/mL, flowrate 0.1 mL/min, sprayhead velocity 1200 mm/min, track spacing 3mm, gas pressure 10psi","low mass res, mass accuracy 15 ppm",hi,,2021-04-12_11h41m13s,2021-04-24_23h02m02s,https://metaspace2020.eu/annotations?ds=2021-04-12_11h41m13s,https://metaspace2020.eu/annotations?ds=2021-04-24_23h02m02s
interlab,Hopf/Bausbacher,MALDI/qTOF(TimsTOF),"2,5-dihydroxybenzoic acid/TFA",DHB,pos,400-1700,12H,100,"Laser: M5 small, 2000 shots/pixel @10000hZ, Q1 mass 500 Matrix application: 75°C nozzle temp, 8 passes, concentration 50 mg/mL, flowrate 0.1 mL/min, sprayhead velocity 1200 mm/min, track spacing 3mm, gas pressure 10psi","missing signal stripes (https://metaspace2020.eu/annotations?prj=e1c20f2e-9b5e-11eb-96db-8730c22c60dd&ds=2021-04-12_11h47m01s&fdr=0.5&row=14) low mass res, mass accuracy 15 ppm",lo,,2021-04-12_11h47m01s,2021-04-24_23h02m04s,https://metaspace2020.eu/annotations?ds=2021-04-12_11h47m01s,https://metaspace2020.eu/annotations?ds=2021-04-24_23h02m04s
interlab,Hopf/Bausbacher,MALDI/qTOF(TimsTOF),"2,5-dihydroxybenzoic acid/TFA",DHB,pos,400-1700,12G,100,"Laser: M5 small, 2000 shots/pixel @10000hZ, Q1 mass 500 Matrix application: 75°C nozzle temp, 8 passes, concentration 50 mg/mL, flowrate 0.1 mL/min, sprayhead velocity 1200 mm/min, track spacing 3mm, gas pressure 10psi","low mass res, mass accuracy 15 ppm",hi,,2021-04-12_11h41m52s,2021-04-24_23h02m06s,https://metaspace2020.eu/annotations?ds=2021-04-12_11h41m52s,https://metaspace2020.eu/annotations?ds=2021-04-24_23h02m06s
interlab,Spengler/Muller,AP-SMALDI5-AF/Orbitrap,"2,5-dihydroxybenzoic acid",DHB,pos,300-1200,8B,100,none,ok,hi,,2021-03-22_11h53m50s,2021-04-24_23h02m08s,https://metaspace2020.eu/annotations?ds=2021-03-22_11h53m50s,https://metaspace2020.eu/annotations?ds=2021-04-24_23h02m08s
interlab,Spengler/Muller,AP-SMALDI5-AF/Orbitrap,9-aminoacridine,9AA,neg,300-1200,8D,100,none,image cut on top?,hi,,2021-03-22_11h57m41s,2021-04-24_23h02m10s,https://metaspace2020.eu/annotations?ds=2021-03-22_11h57m41s,https://metaspace2020.eu/annotations?ds=2021-04-24_23h02m10s
interlab,Spengler/Muller,AP-SMALDI5-AF/Orbitrap,9-aminoacridine,9AA,neg,75-300,8D,100,none,ok,hi,,2021-03-22_11h56m42s,2021-04-24_23h02m12s,https://metaspace2020.eu/annotations?ds=2021-03-22_11h56m42s,https://metaspace2020.eu/annotations?ds=2021-04-24_23h02m12s
interlab,Spengler/Muller,AP-SMALDI5-AF/Orbitrap,9-aminoacridine,9AA,neg,300-1200,8C,100,none,image cut on top?,hi,,2021-03-22_11h55m58s,2021-04-24_23h02m14s,https://metaspace2020.eu/annotations?ds=2021-03-22_11h55m58s,https://metaspace2020.eu/annotations?ds=2021-04-24_23h02m14s
interlab,Spengler/Muller,AP-SMALDI5-AF/Orbitrap,"2,5-dihydroxybenzoic acid",DHB,pos,75-300,8B,100,none,ok,hi,,2021-03-22_11h50m09s,2021-04-24_23h02m16s,https://metaspace2020.eu/annotations?ds=2021-03-22_11h50m09s,https://metaspace2020.eu/annotations?ds=2021-04-24_23h02m16s
interlab,Spengler/Muller,AP-SMALDI5-AF/Orbitrap,9-aminoacridine,9AA,neg,75-300,8C,100,none,ok,hi,,2021-03-22_11h54m33s,2021-04-24_23h02m18s,https://metaspace2020.eu/annotations?ds=2021-03-22_11h54m33s,https://metaspace2020.eu/annotations?ds=2021-04-24_23h02m18s
interlab,Spengler/Muller,AP-SMALDI5-AF/Orbitrap,"2,5-dihydroxybenzoic acid",DHB,pos,300-1200,8A,100,none,ok,hi,,2021-03-08_09h47m44s,2021-04-24_23h02m20s,https://metaspace2020.eu/annotations?ds=2021-03-08_09h47m44s,https://metaspace2020.eu/annotations?ds=2021-04-24_23h02m20s
interlab,Spengler/Muller,AP-SMALDI5-AF/Orbitrap,"2,5-dihydroxybenzoic acid",DHB,pos,75-300,8A,100,none,ok,hi,,2021-03-08_09h34m01s,2021-04-24_23h02m22s,https://metaspace2020.eu/annotations?ds=2021-03-08_09h34m01s,https://metaspace2020.eu/annotations?ds=2021-04-24_23h02m22s
20 matrices,EMBL,AP-SMALDI5/Orbitrap,Maleic anhydride proton sponge,MAPS,neg,75-300,3J,150,"att 29, rf 50",,,,2021-04-21_12h58m09s,2021-06-18_10h58m25s,https://metaspace2020.eu/annotations?ds=2021-04-21_12h58m09s,https://metaspace2020.eu/annotations?ds=2021-06-18_10h58m25s
20 matrices,EMBL,AP-SMALDI5/Orbitrap,Maleic anhydride proton sponge,MAPS,neg,350-1510,3J,150,"att 29, rf 100",,,,2021-04-21_13h13m38s,2021-06-18_10h58m25s,https://metaspace2020.eu/annotations?ds=2021-04-21_13h13m38s,https://metaspace2020.eu/annotations?ds=2021-06-18_10h58m25s
20 matrices,EMBL,AP-SMALDI5/Orbitrap,Maleic anhydride proton sponge,MAPS,pos,75-300,3J,150,"att 29, rf 50",,,,2021-04-21_13h06m03s,2021-06-21_12h48m21s,https://metaspace2020.eu/annotations?ds=2021-04-21_13h06m03s,https://metaspace2020.eu/annotations?ds=2021-06-21_12h48m21s
20 matrices,EMBL,AP-SMALDI5/Orbitrap,Maleic anhydride proton sponge,MAPS,pos,350-1510,3J,150,"att 29, rf 100",,,,2021-04-21_13h19m43s,2021-06-21_12h48m21s,https://metaspace2020.eu/annotations?ds=2021-04-21_13h19m43s,https://metaspace2020.eu/annotations?ds=2021-06-21_12h48m21s
interlab,Dreisewerd/Soltwisch,MALDI-2/QExactive Plus (Orbitrap),"2,5-dihydroxyacetophenone",DHAP,neg,75-?,3A,100,none,,,,2021-04-30_09h29m56s,,https://metaspace2020.eu/annotations?ds=2021-04-30_09h29m56s,https://metaspace2020.eu/annotations?ds=
interlab,Dreisewerd/Soltwisch,MALDI-2/QExactive Plus (Orbitrap),"2,5-dihydroxyacetophenone",DHAP,pos,75-?,3B,100,none,,,,2021-04-30_09h16m59s,,https://metaspace2020.eu/annotations?ds=2021-04-30_09h16m59s,https://metaspace2020.eu/annotations?ds=
interlab,Dreisewerd/Soltwisch,MALDI-2/QExactive Plus (Orbitrap),"2,5-dihydroxyacetophenone",DHAP,neg,75-?,3B,100,none,,,,2021-04-30_09h53m23s,,https://metaspace2020.eu/annotations?ds=2021-04-30_09h53m23s,https://metaspace2020.eu/annotations?ds=
interlab,Dreisewerd/Soltwisch,MALDI-2/QExactive Plus (Orbitrap),"2,5-dihydroxyacetophenone",DHAP,pos,75-?,3A,100,none,,,,2021-04-30_09h20m42s,,https://metaspace2020.eu/annotations?ds=2021-04-30_09h20m42s,https://metaspace2020.eu/annotations?ds=
20 matrices,EMBL,AP-SMALDI5/Orbitrap,"4,4-chloro-alpha-cyanocinnamic acid",ClCCA,neg,75-300,3D,150,"att 29, rf 50",,,,2021-05-01_23h51m54s,2021-06-18_10h45m03s,https://metaspace2020.eu/annotations?ds=2021-05-01_23h51m54s,https://metaspace2020.eu/annotations?ds=2021-06-18_10h45m03s
20 matrices,EMBL,AP-SMALDI5/Orbitrap,"4,4-chloro-alpha-cyanocinnamic acid",ClCCA,pos,350-1510,3D,150,"att 29, rf 100",,,,2021-05-18_12h33m39s,2021-06-21_12h34m54s,https://metaspace2020.eu/annotations?ds=2021-05-18_12h33m39s,https://metaspace2020.eu/annotations?ds=2021-06-21_12h34m54s
20 matrices,EMBL,AP-SMALDI5/Orbitrap,"4,4-chloro-alpha-cyanocinnamic acid",ClCCA,pos,75-300,3D,150,"att 29, rf 50",,,,2021-05-18_12h34m25s,2021-06-21_12h34m54s,https://metaspace2020.eu/annotations?ds=2021-05-18_12h34m25s,https://metaspace2020.eu/annotations?ds=2021-06-21_12h34m54s
20 matrices,EMBL,AP-SMALDI5/Orbitrap,"4,4-chloro-alpha-cyanocinnamic acid",ClCCA,neg,350-1510,3D,150,"att 29, rf 100",,,,2021-05-18_12h29m39s,2021-06-18_10h45m03s,https://metaspace2020.eu/annotations?ds=2021-05-18_12h29m39s,https://metaspace2020.eu/annotations?ds=2021-06-18_10h45m03s
20 matrices,EMBL,AP-SMALDI5/Orbitrap,"2,5-dihydroxyacetophenone",DHAP,neg,70-350,3H,150,"att 29, rf 50",,,,2021-04-24_22h50m38s,2021-06-18_10h52m02s,https://metaspace2020.eu/annotations?ds=2021-04-24_22h50m38s,https://metaspace2020.eu/annotations?ds=2021-06-18_10h52m02s
20 matrices,EMBL,AP-SMALDI5/Orbitrap,"2,5-dihydroxyacetophenone",DHAP,neg,300-1510,3H,150,"att 29, rf 100",,,,2021-04-26_15h58m47s,2021-06-18_10h52m02s,https://metaspace2020.eu/annotations?ds=2021-04-26_15h58m47s,https://metaspace2020.eu/annotations?ds=2021-06-18_10h52m02s
20 matrices,EMBL,AP-SMALDI5/Orbitrap,"2,5-dihydroxyacetophenone",DHAP,pos,70-350,3H,150,"att 29, rf 50",,,,2021-04-26_15h41m55s,2021-06-21_12h41m08s,https://metaspace2020.eu/annotations?ds=2021-04-26_15h41m55s,https://metaspace2020.eu/annotations?ds=2021-06-21_12h41m08s
20 matrices,EMBL,AP-SMALDI5/Orbitrap,"2,5-dihydroxyacetophenone",DHAP,pos,300-1510,3H,150,"att 29, rf 100",,,,2021-04-26_16h00m28s,2021-06-21_12h41m08s,https://metaspace2020.eu/annotations?ds=2021-04-26_16h00m28s,https://metaspace2020.eu/annotations?ds=2021-06-21_12h41m08s
20 matrices,EMBL,AP-SMALDI5/Orbitrap,p-Nitroaniline,pNA,neg,70-350,9F,150,"att 29, rf 50",,,,2021-05-27_14h55m26s,2021-06-21_15h10m30s,https://metaspace2020.eu/annotations?ds=2021-05-27_14h55m26s,https://metaspace2020.eu/annotations?ds=2021-06-21_15h10m30s
20 matrices,EMBL,AP-SMALDI5/Orbitrap,p-Nitroaniline,pNA,neg,300-1510,9F,150,"att 29, rf 100",,,,2021-05-27_15h07m36s,2021-06-21_15h10m30s,https://metaspace2020.eu/annotations?ds=2021-05-27_15h07m36s,https://metaspace2020.eu/annotations?ds=2021-06-21_15h10m30s
20 matrices,EMBL,AP-SMALDI5/Orbitrap,p-Nitroaniline,pNA,pos,70-350,9F,150,"att 29, rf 50",,,,2021-05-27_15h13m06s,2021-06-23_23h19m02s,https://metaspace2020.eu/annotations?ds=2021-05-27_15h13m06s,https://metaspace2020.eu/annotations?ds=2021-06-23_23h19m02s
20 matrices,EMBL,AP-SMALDI5/Orbitrap,p-Nitroaniline,pNA,pos,300-1510,9F,150,"att 29, rf 100",,,,2021-05-27_15h23m07s,2021-06-23_23h19m02s,https://metaspace2020.eu/annotations?ds=2021-05-27_15h23m07s,https://metaspace2020.eu/annotations?ds=2021-06-23_23h19m02s
,,,,,,,,,,,,,,,,
,,,,,,,,,,,,,,,,
,,,,,,,,,,,,,,,,
,,,,,,,,,,,,,,,,
,,,,,,,,,,,,,,,,
,,,,,,,,,,,,,,,,
,,,,,,,,,,,,,,,,
,,,,,,,,,,,,,,,,
,,,,,,,,,,,,,,,,
,,,,,,,,,,,,,,,,
,,,,,,,,,,,,,,,,
,,,,,,,,,,,,,,,,
,,,,,,,,,,,,,,,,
,,,,,,,,,,,,,,,,
,,,,,,,,,,,,,,,,
,,,,,,,,,,,,,,,,
,,,,,,,,,,,,,,,,
,,,,,,,,,,,,,,,,
,,,,,,,,,,,,,,,,
,,,,,,,,,,,,,,,,
,,,,,,,,,,,,,,,,
,,,,,,,,,,,,,,,,
,,,,,,,,,,,,,,,,
,,,,,,,,,,,,,,,,
,,,,,,,,,,,,,,,,
,,,,,,,,,,,,,,,,
,,,,,,,,,,,,,,,,
,,,,,,,,,,,,,,,,
,,,,,,,,,,,,,,,,
,,,,,,,,,,,,,,,,
,,,,,,,,,,,,,,,,
,,,,,,,,,,,,,,,,
,,,,,,,,,,,,,,,,
,,,,,,,,,,,,,,,,
,,,,,,,,,,,,,,,,
,,,,,,,,,,,,,,,,
,,,,,,,,,,,,,,,,
,,,,,,,,,,,,,,,,
,,,,,,,,,,,,,,,,
,,,,,,,,,,,,,,,,
,,,,,,,,,,,,,,,,
,,,,,,,,,,,,,,,,
,,,,,,,,,,,,,,,,
,,,,,,,,,,,,,,,,
,,,,,,,,,,,,,,,,
,,,,,,,,,,,,,,,,
,,,,,,,,,,,,,,,,
,,,,,,,,,,,,,,,,
,,,,,,,,,,,,,,,,
,,,,,,,,,,,,,,,,
,,,,,,,,,,,,,,,,
,,,,,,,,,,,,,,,,
,,,,,,,,,,,,,,,,
,,,,,,,,,,,,,,,,
,,,,,,,,,,,,,,,,
,,,,,,,,,,,,,,,,
,,,,,,,,,,,,,,,,
,,,,,,,,,,,,,,,,
,,,,,,,,,,,,,,,,
,,,,,,,,,,,,,,,,
,,,,,,,,,,,,,,,,
,,,,,,,,,,,,,,,,
,,,,,,,,,,,,,,,,
,,,,,,,,,,,,,,,,
,,,,,,,,,,,,,,,,
,,,,,,,,,,,,,,,,
,,,,,,,,,,,,,,,,
,,,,,,,,,,,,,,,,
,,,,,,,,,,,,,,,,
,,,,,,,,,,,,,,,,
,,,,,,,,,,,,,,,,
,,,,,,,,,,,,,,,,
,,,,,,,,,,,,,,,,
,,,,,,,,,,,,,,,,
,,,,,,,,,,,,,,,,
,,,,,,,,,,,,,,,,
,,,,,,,,,,,,,,,,
,,,,,,,,,,,,,,,,
,,,,,,,,,,,,,,,,
,,,,,,,,,,,,,,,,
,,,,,,,,,,,,,,,,
,,,,,,,,,,,,,,,,
,,,,,,,,,,,,,,,,
,,,,,,,,,,,,,,,,
,,,,,,,,,,,,,,,,
,,,,,,,,,,,,,,,,
,,,,,,,,,,,,,,,,
,,,,,,,,,,,,,,,,
,,,,,,,,,,,,,,,,
,,,,,,,,,,,,,,,,
,,,,,,,,,,,,,,,,
,,,,,,,,,,,,,,,,
,,,,,,,,,,,,,,,,
,,,,,,,,,,,,,,,,
,,,,,,,,,,,,,,,,
,,,,,,,,,,,,,,,,
,,,,,,,,,,,,,,,,
,,,,,,,,,,,,,,,,
,,,,,,,,,,,,,,,,
,,,,,,,,,,,,,,,,
,,,,,,,,,,,,,,,,
,,,,,,,,,,,,,,,,
,,,,,,,,,,,,,,,,
,,,,,,,,,,,,,,,,
,,,,,,,,,,,,,,,,
,,,,,,,,,,,,,,,,
,,,,,,,,,,,,,,,,
,,,,,,,,,,,,,,,,
,,,,,,,,,,,,,,,,
,,,,,,,,,,,,,,,,
,,,,,,,,,,,,,,,,
,,,,,,,,,,,,,,,,
,,,,,,,,,,,,,,,,
,,,,,,,,,,,,,,,,
,,,,,,,,,,,,,,,,
,,,,,,,,,,,,,,,,
,,,,,,,,,,,,,,,,
,,,,,,,,,,,,,,,,
,,,,,,,,,,,,,,,,
,,,,,,,,,,,,,,,,
,,,,,,,,,,,,,,,,
,,,,,,,,,,,,,,,,
,,,,,,,,,,,,,,,,
,,,,,,,,,,,,,,,,
,,,,,,,,,,,,,,,,
,,,,,,,,,,,,,,,,
,,,,,,,,,,,,,,,,
,,,,,,,,,,,,,,,,
,,,,,,,,,,,,,,,,
,,,,,,,,,,,,,,,,
,,,,,,,,,,,,,,,,
,,,,,,,,,,,,,,,,
,,,,,,,,,,,,,,,,
,,,,,,,,,,,,,,,,
,,,,,,,,,,,,,,,,
,,,,,,,,,,,,,,,,
,,,,,,,,,,,,,,,,
,,,,,,,,,,,,,,,,
,,,,,,,,,,,,,,,,
,,,,,,,,,,,,,,,,
,,,,,,,,,,,,,,,,
,,,,,,,,,,,,,,,,
,,,,,,,,,,,,,,,,
,,,,,,,,,,,,,,,,
,,,,,,,,,,,,,,,,
,,,,,,,,,,,,,,,,
,,,,,,,,,,,,,,,,
,,,,,,,,,,,,,,,,
,,,,,,,,,,,,,,,,
,,,,,,,,,,,,,,,,
,,,,,,,,,,,,,,,,
,,,,,,,,,,,,,,,,
,,,,,,,,,,,,,,,,
,,,,,,,,,,,,,,,,
,,,,,,,,,,,,,,,,
,,,,,,,,,,,,,,,,
,,,,,,,,,,,,,,,,
,,,,,,,,,,,,,,,,
,,,,,,,,,,,,,,,,
,,,,,,,,,,,,,,,,
,,,,,,,,,,,,,,,,
,,,,,,,,,,,,,,,,
,,,,,,,,,,,,,,,,
,,,,,,,,,,,,,,,,
,,,,,,,,,,,,,,,,
,,,,,,,,,,,,,,,,
,,,,,,,,,,,,,,,,
,,,,,,,,,,,,,,,,
,,,,,,,,,,,,,,,,
,,,,,,,,,,,,,,,,
,,,,,,,,,,,,,,,,
,,,,,,,,,,,,,,,,
,,,,,,,,,,,,,,,,
,,,,,,,,,,,,,,,,
,,,,,,,,,,,,,,,,
,,,,,,,,,,,,,,,,
,,,,,,,,,,,,,,,,
,,,,,,,,,,,,,,,,
,,,,,,,,,,,,,,,,
,,,,,,,,,,,,,,,,
,,,,,,,,,,,,,,,,
,,,,,,,,,,,,,,,,
,,,,,,,,,,,,,,,,
,,,,,,,,,,,,,,,,
,,,,,,,,,,,,,,,,
,,,,,,,,,,,,,,,,
,,,,,,,,,,,,,,,,
,,,,,,,,,,,,,,,,
,,,,,,,,,,,,,,,,
,,,,,,,,,,,,,,,,
,,,,,,,,,,,,,,,,
,,,,,,,,,,,,,,,,
,,,,,,,,,,,,,,,,
,,,,,,,,,,,,,,,,
,,,,,,,,,,,,,,,,
,,,,,,,,,,,,,,,,
,,,,,,,,,,,,,,,,
,,,,,,,,,,,,,,,,
,,,,,,,,,,,,,,,,
,,,,,,,,,,,,,,,,
,,,,,,,,,,,,,,,,
,,,,,,,,,,,,,,,,
,,,,,,,,,,,,,,,,
,,,,,,,,,,,,,,,,
,,,,,,,,,,,,,,,,
,,,,,,,,,,,,,,,,
,,,,,,,,,,,,,,,,
,,,,,,,,,,,,,,,,
,,,,,,,,,,,,,,,,
,,,,,,,,,,,,,,,,
,,,,,,,,,,,,,,,,
,,,,,,,,,,,,,,,,
,,,,,,,,,,,,,,,,
,,,,,,,,,,,,,,,,
,,,,,,,,,,,,,,,,
,,,,,,,,,,,,,,,,
,,,,,,,,,,,,,,,,
,,,,,,,,,,,,,,,,
,,,,,,,,,,,,,,,,
,,,,,,,,,,,,,,,,
,,,,,,,,,,,,,,,,
,,,,,,,,,,,,,,,,
,,,,,,,,,,,,,,,,
,,,,,,,,,,,,,,,,
,,,,,,,,,,,,,,,,
,,,,,,,,,,,,,,,,
,,,,,,,,,,,,,,,,
,,,,,,,,,,,,,,,,
,,,,,,,,,,,,,,,,
,,,,,,,,,,,,,,,,
,,,,,,,,,,,,,,,,
,,,,,,,,,,,,,,,,
,,,,,,,,,,,,,,,,
,,,,,,,,,,,,,,,,
,,,,,,,,,,,,,,,,
,,,,,,,,,,,,,,,,
,,,,,,,,,,,,,,,,
,,,,,,,,,,,,,,,,
,,,,,,,,,,,,,,,,
,,,,,,,,,,,,,,,,
,,,,,,,,,,,,,,,,
,,,,,,,,,,,,,,,,
,,,,,,,,,,,,,,,,
,,,,,,,,,,,,,,,,
,,,,,,,,,,,,,,,,
,,,,,,,,,,,,,,,,
,,,,,,,,,,,,,,,,
,,,,,,,,,,,,,,,,
,,,,,,,,,,,,,,,,
,,,,,,,,,,,,,,,,
,,,,,,,,,,,,,,,,
,,,,,,,,,,,,,,,,
,,,,,,,,,,,,,,,,
,,,,,,,,,,,,,,,,
,,,,,,,,,,,,,,,,
,,,,,,,,,,,,,,,,
,,,,,,,,,,,,,,,,
,,,,,,,,,,,,,,,,
,,,,,,,,,,,,,,,,
,,,,,,,,,,,,,,,,
,,,,,,,,,,,,,,,,
,,,,,,,,,,,,,,,,
,,,,,,,,,,,,,,,,
,,,,,,,,,,,,,,,,
,,,,,,,,,,,,,,,,
,,,,,,,,,,,,,,,,
,,,,,,,,,,,,,,,,
,,,,,,,,,,,,,,,,
,,,,,,,,,,,,,,,,
,,,,,,,,,,,,,,,,
,,,,,,,,,,,,,,,,
,,,,,,,,,,,,,,,,
,,,,,,,,,,,,,,,,
,,,,,,,,,,,,,,,,
,,,,,,,,,,,,,,,,
,,,,,,,,,,,,,,,,
,,,,,,,,,,,,,,,,
,,,,,,,,,,,,,,,,
,,,,,,,,,,,,,,,,
,,,,,,,,,,,,,,,,
,,,,,,,,,,,,,,,,
,,,,,,,,,,,,,,,,
,,,,,,,,,,,,,,,,
,,,,,,,,,,,,,,,,
,,,,,,,,,,,,,,,,
,,,,,,,,,,,,,,,,
,,,,,,,,,,,,,,,,
,,,,,,,,,,,,,,,,
,,,,,,,,,,,,,,,,
,,,,,,,,,,,,,,,,
,,,,,,,,,,,,,,,,
,,,,,,,,,,,,,,,,
,,,,,,,,,,,,,,,,
,,,,,,,,,,,,,,,,
,,,,,,,,,,,,,,,,
,,,,,,,,,,,,,,,,
,,,,,,,,,,,,,,,,
,,,,,,,,,,,,,,,,
,,,,,,,,,,,,,,,,
,,,,,,,,,,,,,,,,
,,,,,,,,,,,,,,,,
,,,,,,,,,,,,,,,,
,,,,,,,,,,,,,,,,
,,,,,,,,,,,,,,,,
,,,,,,,,,,,,,,,,
,,,,,,,,,,,,,,,,
,,,,,,,,,,,,,,,,
,,,,,,,,,,,,,,,,
,,,,,,,,,,,,,,,,
,,,,,,,,,,,,,,,,
,,,,,,,,,,,,,,,,
,,,,,,,,,,,,,,,,
,,,,,,,,,,,,,,,,
,,,,,,,,,,,,,,,,
,,,,,,,,,,,,,,,,
,,,,,,,,,,,,,,,,
,,,,,,,,,,,,,,,,
,,,,,,,,,,,,,,,,
,,,,,,,,,,,,,,,,
,,,,,,,,,,,,,,,,
,,,,,,,,,,,,,,,,
,,,,,,,,,,,,,,,,
,,,,,,,,,,,,,,,,
,,,,,,,,,,,,,,,,
,,,,,,,,,,,,,,,,
,,,,,,,,,,,,,,,,
,,,,,,,,,,,,,,,,
,,,,,,,,,,,,,,,,
,,,,,,,,,,,,,,,,
,,,,,,,,,,,,,,,,
,,,,,,,,,,,,,,,,
,,,,,,,,,,,,,,,,
,,,,,,,,,,,,,,,,
,,,,,,,,,,,,,,,,
,,,,,,,,,,,,,,,,
,,,,,,,,,,,,,,,,
,,,,,,,,,,,,,,,,
,,,,,,,,,,,,,,,,
,,,,,,,,,,,,,,,,
,,,,,,,,,,,,,,,,
,,,,,,,,,,,,,,,,
,,,,,,,,,,,,,,,,
,,,,,,,,,,,,,,,,
,,,,,,,,,,,,,,,,
,,,,,,,,,,,,,,,,
,,,,,,,,,,,,,,,,
,,,,,,,,,,,,,,,,
,,,,,,,,,,,,,,,,
,,,,,,,,,,,,,,,,
,,,,,,,,,,,,,,,,
,,,,,,,,,,,,,,,,
,,,,,,,,,,,,,,,,
,,,,,,,,,,,,,,,,
,,,,,,,,,,,,,,,,
,,,,,,,,,,,,,,,,
,,,,,,,,,,,,,,,,
,,,,,,,,,,,,,,,,
,,,,,,,,,,,,,,,,
,,,,,,,,,,,,,,,,
,,,,,,,,,,,,,,,,
,,,,,,,,,,,,,,,,
,,,,,,,,,,,,,,,,
,,,,,,,,,,,,,,,,
,,,,,,,,,,,,,,,,
,,,,,,,,,,,,,,,,
,,,,,,,,,,,,,,,,
,,,,,,,,,,,,,,,,
,,,,,,,,,,,,,,,,
,,,,,,,,,,,,,,,,
,,,,,,,,,,,,,,,,
,,,,,,,,,,,,,,,,
,,,,,,,,,,,,,,,,
,,,,,,,,,,,,,,,,
,,,,,,,,,,,,,,,,
,,,,,,,,,,,,,,,,
,,,,,,,,,,,,,,,,
,,,,,,,,,,,,,,,,
,,,,,,,,,,,,,,,,
,,,,,,,,,,,,,,,,
,,,,,,,,,,,,,,,,
,,,,,,,,,,,,,,,,
,,,,,,,,,,,,,,,,
,,,,,,,,,,,,,,,,
,,,,,,,,,,,,,,,,
,,,,,,,,,,,,,,,,
,,,,,,,,,,,,,,,,
,,,,,,,,,,,,,,,,
,,,,,,,,,,,,,,,,
,,,,,,,,,,,,,,,,
,,,,,,,,,,,,,,,,
,,,,,,,,,,,,,,,,
,,,,,,,,,,,,,,,,
,,,,,,,,,,,,,,,,
,,,,,,,,,,,,,,,,
,,,,,,,,,,,,,,,,
,,,,,,,,,,,,,,,,
,,,,,,,,,,,,,,,,
,,,,,,,,,,,,,,,,
,,,,,,,,,,,,,,,,
,,,,,,,,,,,,,,,,
,,,,,,,,,,,,,,,,
,,,,,,,,,,,,,,,,
,,,,,,,,,,,,,,,,
,,,,,,,,,,,,,,,,
,,,,,,,,,,,,,,,,
,,,,,,,,,,,,,,,,
,,,,,,,,,,,,,,,,
,,,,,,,,,,,,,,,,
,,,,,,,,,,,,,,,,
,,,,,,,,,,,,,,,,
,,,,,,,,,,,,,,,,
,,,,,,,,,,,,,,,,
,,,,,,,,,,,,,,,,
,,,,,,,,,,,,,,,,
,,,,,,,,,,,,,,,,
,,,,,,,,,,,,,,,,
,,,,,,,,,,,,,,,,
,,,,,,,,,,,,,,,,
,,,,,,,,,,,,,,,,
,,,,,,,,,,,,,,,,
,,,,,,,,,,,,,,,,
,,,,,,,,,,,,,,,,
,,,,,,,,,,,,,,,,
,,,,,,,,,,,,,,,,
,,,,,,,,,,,,,,,,
,,,,,,,,,,,,,,,,
,,,,,,,,,,,,,,,,
,,,,,,,,,,,,,,,,
,,,,,,,,,,,,,,,,
,,,,,,,,,,,,,,,,
,,,,,,,,,,,,,,,,
,,,,,,,,,,,,,,,,
,,,,,,,,,,,,,,,,
,,,,,,,,,,,,,,,,
,,,,,,,,,,,,,,,,
,,,,,,,,,,,,,,,,
,,,,,,,,,,,,,,,,
,,,,,,,,,,,,,,,,
,,,,,,,,,,,,,,,,
,,,,,,,,,,,,,,,,
,,,,,,,,,,,,,,,,
,,,,,,,,,,,,,,,,
,,,,,,,,,,,,,,,,
,,,,,,,,,,,,,,,,
,,,,,,,,,,,,,,,,
,,,,,,,,,,,,,,,,
,,,,,,,,,,,,,,,,
,,,,,,,,,,,,,,,,
,,,,,,,,,,,,,,,,
,,,,,,,,,,,,,,,,
,,,,,,,,,,,,,,,,
,,,,,,,,,,,,,,,,
,,,,,,,,,,,,,,,,
,,,,,,,,,,,,,,,,
,,,,,,,,,,,,,,,,
,,,,,,,,,,,,,,,,
,,,,,,,,,,,,,,,,
,,,,,,,,,,,,,,,,
,,,,,,,,,,,,,,,,
,,,,,,,,,,,,,,,,
,,,,,,,,,,,,,,,,
,,,,,,,,,,,,,,,,
,,,,,,,,,,,,,,,,
,,,,,,,,,,,,,,,,
,,,,,,,,,,,,,,,,
,,,,,,,,,,,,,,,,
,,,,,,,,,,,,,,,,
,,,,,,,,,,,,,,,,
,,,,,,,,,,,,,,,,
,,,,,,,,,,,,,,,,
,,,,,,,,,,,,,,,,
,,,,,,,,,,,,,,,,
,,,,,,,,,,,,,,,,
,,,,,,,,,,,,,,,,
,,,,,,,,,,,,,,,,
,,,,,,,,,,,,,,,,
,,,,,,,,,,,,,,,,
,,,,,,,,,,,,,,,,
,,,,,,,,,,,,,,,,
,,,,,,,,,,,,,,,,
,,,,,,,,,,,,,,,,
,,,,,,,,,,,,,,,,
,,,,,,,,,,,,,,,,
,,,,,,,,,,,,,,,,
,,,,,,,,,,,,,,,,
,,,,,,,,,,,,,,,,
,,,,,,,,,,,,,,,,
,,,,,,,,,,,,,,,,
,,,,,,,,,,,,,,,,
,,,,,,,,,,,,,,,,
,,,,,,,,,,,,,,,,
,,,,,,,,,,,,,,,,
,,,,,,,,,,,,,,,,
,,,,,,,,,,,,,,,,
,,,,,,,,,,,,,,,,
,,,,,,,,,,,,,,,,
,,,,,,,,,,,,,,,,
,,,,,,,,,,,,,,,,
,,,,,,,,,,,,,,,,
,,,,,,,,,,,,,,,,
,,,,,,,,,,,,,,,,
,,,,,,,,,,,,,,,,
,,,,,,,,,,,,,,,,
,,,,,,,,,,,,,,,,
,,,,,,,,,,,,,,,,
,,,,,,,,,,,,,,,,
,,,,,,,,,,,,,,,,
,,,,,,,,,,,,,,,,
,,,,,,,,,,,,,,,,
,,,,,,,,,,,,,,,,
,,,,,,,,,,,,,,,,
,,,,,,,,,,,,,,,,
,,,,,,,,,,,,,,,,
,,,,,,,,,,,,,,,,
,,,,,,,,,,,,,,,,
,,,,,,,,,,,,,,,,
,,,,,,,,,,,,,,,,
,,,,,,,,,,,,,,,,
,,,,,,,,,,,,,,,,
,,,,,,,,,,,,,,,,
,,,,,,,,,,,,,,,,
,,,,,,,,,,,,,,,,
,,,,,,,,,,,,,,,,
,,,,,,,,,,,,,,,,
,,,,,,,,,,,,,,,,
,,,,,,,,,,,,,,,,
,,,,,,,,,,,,,,,,
,,,,,,,,,,,,,,,,
,,,,,,,,,,,,,,,,
,,,,,,,,,,,,,,,,
,,,,,,,,,,,,,,,,
,,,,,,,,,,,,,,,,
,,,,,,,,,,,,,,,,
,,,,,,,,,,,,,,,,
,,,,,,,,,,,,,,,,
,,,,,,,,,,,,,,,,
,,,,,,,,,,,,,,,,
,,,,,,,,,,,,,,,,
,,,,,,,,,,,,,,,,
,,,,,,,,,,,,,,,,
,,,,,,,,,,,,,,,,
,,,,,,,,,,,,,,,,
,,,,,,,,,,,,,,,,
,,,,,,,,,,,,,,,,
,,,,,,,,,,,,,,,,
,,,,,,,,,,,,,,,,
,,,,,,,,,,,,,,,,
,,,,,,,,,,,,,,,,
,,,,,,,,,,,,,,,,
,,,,,,,,,,,,,,,,
,,,,,,,,,,,,,,,,
,,,,,,,,,,,,,,,,
,,,,,,,,,,,,,,,,
,,,,,,,,,,,,,,,,
,,,,,,,,,,,,,,,,
,,,,,,,,,,,,,,,,
,,,,,,,,,,,,,,,,
,,,,,,,,,,,,,,,,
,,,,,,,,,,,,,,,,
,,,,,,,,,,,,,,,,
,,,,,,,,,,,,,,,,
,,,,,,,,,,,,,,,,
,,,,,,,,,,,,,,,,
,,,,,,,,,,,,,,,,
,,,,,,,,,,,,,,,,
,,,,,,,,,,,,,,,,
,,,,,,,,,,,,,,,,
,,,,,,,,,,,,,,,,
,,,,,,,,,,,,,,,,
,,,,,,,,,,,,,,,,
,,,,,,,,,,,,,,,,
,,,,,,,,,,,,,,,,
,,,,,,,,,,,,,,,,
,,,,,,,,,,,,,,,,
,,,,,,,,,,,,,,,,
,,,,,,,,,,,,,,,,
,,,,,,,,,,,,,,,,
,,,,,,,,,,,,,,,,
,,,,,,,,,,,,,,,,
,,,,,,,,,,,,,,,,
,,,,,,,,,,,,,,,,
,,,,,,,,,,,,,,,,
,,,,,,,,,,,,,,,,
,,,,,,,,,,,,,,,,
,,,,,,,,,,,,,,,,
,,,,,,,,,,,,,,,,
,,,,,,,,,,,,,,,,
,,,,,,,,,,,,,,,,
,,,,,,,,,,,,,,,,
,,,,,,,,,,,,,,,,
,,,,,,,,,,,,,,,,
,,,,,,,,,,,,,,,,
,,,,,,,,,,,,,,,,
,,,,,,,,,,,,,,,,
,,,,,,,,,,,,,,,,
,,,,,,,,,,,,,,,,
,,,,,,,,,,,,,,,,
,,,,,,,,,,,,,,,,
,,,,,,,,,,,,,,,,
,,,,,,,,,,,,,,,,
,,,,,,,,,,,,,,,,
,,,,,,,,,,,,,,,,
,,,,,,,,,,,,,,,,
,,,,,,,,,,,,,,,,
,,,,,,,,,,,,,,,,
,,,,,,,,,,,,,,,,
,,,,,,,,,,,,,,,,
,,,,,,,,,,,,,,,,
,,,,,,,,,,,,,,,,
,,,,,,,,,,,,,,,,
,,,,,,,,,,,,,,,,
,,,,,,,,,,,,,,,,
,,,,,,,,,,,,,,,,
,,,,,,,,,,,,,,,,
,,,,,,,,,,,,,,,,
,,,,,,,,,,,,,,,,
,,,,,,,,,,,,,,,,
,,,,,,,,,,,,,,,,
,,,,,,,,,,,,,,,,
,,,,,,,,,,,,,,,,
,,,,,,,,,,,,,,,,
,,,,,,,,,,,,,,,,
,,,,,,,,,,,,,,,,
,,,,,,,,,,,,,,,,
,,,,,,,,,,,,,,,,
,,,,,,,,,,,,,,,,
,,,,,,,,,,,,,,,,
,,,,,,,,,,,,,,,,
,,,,,,,,,,,,,,,,
,,,,,,,,,,,,,,,,
,,,,,,,,,,,,,,,,
,,,,,,,,,,,,,,,,
,,,,,,,,,,,,,,,,
,,,,,,,,,,,,,,,,
,,,,,,,,,,,,,,,,
,,,,,,,,,,,,,,,,
,,,,,,,,,,,,,,,,
,,,,,,,,,,,,,,,,
,,,,,,,,,,,,,,,,
,,,,,,,,,,,,,,,,
,,,,,,,,,,,,,,,,
,,,,,,,,,,,,,,,,
,,,,,,,,,,,,,,,,
,,,,,,,,,,,,,,,,
,,,,,,,,,,,,,,,,
,,,,,,,,,,,,,,,,
,,,,,,,,,,,,,,,,
,,,,,,,,,,,,,,,,
,,,,,,,,,,,,,,,,
,,,,,,,,,,,,,,,,
,,,,,,,,,,,,,,,,
,,,,,,,,,,,,,,,,
,,,,,,,,,,,,,,,,
,,,,,,,,,,,,,,,,
,,,,,,,,,,,,,,,,
,,,,,,,,,,,,,,,,
,,,,,,,,,,,,,,,,
,,,,,,,,,,,,,,,,
,,,,,,,,,,,,,,,,
,,,,,,,,,,,,,,,,
,,,,,,,,,,,,,,,,
,,,,,,,,,,,,,,,,
,,,,,,,,,,,,,,,,
,,,,,,,,,,,,,,,,
,,,,,,,,,,,,,,,,
,,,,,,,,,,,,,,,,
,,,,,,,,,,,,,,,,
,,,,,,,,,,,,,,,,
,,,,,,,,,,,,,,,,
,,,,,,,,,,,,,,,,
,,,,,,,,,,,,,,,,
,,,,,,,,,,,,,,,,
,,,,,,,,,,,,,,,,
,,,,,,,,,,,,,,,,
,,,,,,,,,,,,,,,,
,,,,,,,,,,,,,,,,
,,,,,,,,,,,,,,,,
,,,,,,,,,,,,,,,,
,,,,,,,,,,,,,,,,
,,,,,,,,,,,,,,,,
,,,,,,,,,,,,,,,,
,,,,,,,,,,,,,,,,
,,,,,,,,,,,,,,,,
,,,,,,,,,,,,,,,,
,,,,,,,,,,,,,,,,
,,,,,,,,,,,,,,,,
,,,,,,,,,,,,,,,,
,,,,,,,,,,,,,,,,
,,,,,,,,,,,,,,,,
,,,,,,,,,,,,,,,,
,,,,,,,,,,,,,,,,
,,,,,,,,,,,,,,,,
,,,,,,,,,,,,,,,,
,,,,,,,,,,,,,,,,
,,,,,,,,,,,,,,,,
,,,,,,,,,,,,,,,,
,,,,,,,,,,,,,,,,
,,,,,,,,,,,,,,,,
,,,,,,,,,,,,,,,,
,,,,,,,,,,,,,,,,
,,,,,,,,,,,,,,,,
,,,,,,,,,,,,,,,,
,,,,,,,,,,,,,,,,
,,,,,,,,,,,,,,,,
,,,,,,,,,,,,,,,,
,,,,,,,,,,,,,,,,
,,,,,,,,,,,,,,,,
,,,,,,,,,,,,,,,,
,,,,,,,,,,,,,,,,
,,,,,,,,,,,,,,,,
,,,,,,,,,,,,,,,,
,,,,,,,,,,,,,,,,
,,,,,,,,,,,,,,,,
,,,,,,,,,,,,,,,,
,,,,,,,,,,,,,,,,
,,,,,,,,,,,,,,,,
,,,,,,,,,,,,,,,,
,,,,,,,,,,,,,,,,
,,,,,,,,,,,,,,,,
,,,,,,,,,,,,,,,,
,,,,,,,,,,,,,,,,
,,,,,,,,,,,,,,,,
,,,,,,,,,,,,,,,,
,,,,,,,,,,,,,,,,
,,,,,,,,,,,,,,,,
,,,,,,,,,,,,,,,,
,,,,,,,,,,,,,,,,
,,,,,,,,,,,,,,,,
,,,,,,,,,,,,,,,,
,,,,,,,,,,,,,,,,
,,,,,,,,,,,,,,,,
,,,,,,,,,,,,,,,,
,,,,,,,,,,,,,,,,
,,,,,,,,,,,,,,,,
,,,,,,,,,,,,,,,,
,,,,,,,,,,,,,,,,
,,,,,,,,,,,,,,,,
,,,,,,,,,,,,,,,,
,,,,,,,,,,,,,,,,
,,,,,,,,,,,,,,,,
,,,,,,,,,,,,,,,,
,,,,,,,,,,,,,,,,
,,,,,,,,,,,,,,,,
,,,,,,,,,,,,,,,,
,,,,,,,,,,,,,,,,
,,,,,,,,,,,,,,,,
,,,,,,,,,,,,,,,,
,,,,,,,,,,,,,,,,
,,,,,,,,,,,,,,,,
,,,,,,,,,,,,,,,,
,,,,,,,,,,,,,,,,
,,,,,,,,,,,,,,,,
,,,,,,,,,,,,,,,,
,,,,,,,,,,,,,,,,
,,,,,,,,,,,,,,,,
,,,,,,,,,,,,,,,,
,,,,,,,,,,,,,,,,
,,,,,,,,,,,,,,,,
,,,,,,,,,,,,,,,,
,,,,,,,,,,,,,,,,
,,,,,,,,,,,,,,,,
,,,,,,,,,,,,,,,,
,,,,,,,,,,,,,,,,
,,,,,,,,,,,,,,,,
,,,,,,,,,,,,,,,,
,,,,,,,,,,,,,,,,
,,,,,,,,,,,,,,,,
,,,,,,,,,,,,,,,,
,,,,,,,,,,,,,,,,
,,,,,,,,,,,,,,,,
,,,,,,,,,,,,,,,,
,,,,,,,,,,,,,,,,
,,,,,,,,,,,,,,,,
,,,,,,,,,,,,,,,,
,,,,,,,,,,,,,,,,
,,,,,,,,,,,,,,,,
,,,,,,,,,,,,,,,,
,,,,,,,,,,,,,,,,
,,,,,,,,,,,,,,,,
,,,,,,,,,,,,,,,,
,,,,,,,,,,,,,,,,
,,,,,,,,,,,,,,,,
,,,,,,,,,,,,,,,,
,,,,,,,,,,,,,,,,
,,,,,,,,,,,,,,,,
,,,,,,,,,,,,,,,,
,,,,,,,,,,,,,,,,
,,,,,,,,,,,,,,,,
,,,,,,,,,,,,,,,,
,,,,,,,,,,,,,,,,
,,,,,,,,,,,,,,,,
,,,,,,,,,,,,,,,,
,,,,,,,,,,,,,,,,
,,,,,,,,,,,,,,,,
,,,,,,,,,,,,,,,,
,,,,,,,,,,,,,,,,
,,,,,,,,,,,,,,,,
,,,,,,,,,,,,,,,,
,,,,,,,,,,,,,,,,
,,,,,,,,,,,,,,,,
,,,,,,,,,,,,,,,,
,,,,,,,,,,,,,,,,
,,,,,,,,,,,,,,,,
,,,,,,,,,,,,,,,,
,,,,,,,,,,,,,,,,
,,,,,,,,,,,,,,,,
,,,,,,,,,,,,,,,,
,,,,,,,,,,,,,,,,
,,,,,,,,,,,,,,,,
,,,,,,,,,,,,,,,,
,,,,,,,,,,,,,,,,
,,,,,,,,,,,,,,,,
,,,,,,,,,,,,,,,,
,,,,,,,,,,,,,,,,
,,,,,,,,,,,,,,,,
,,,,,,,,,,,,,,,,
,,,,,,,,,,,,,,,,
,,,,,,,,,,,,,,,,
,,,,,,,,,,,,,,,,
,,,,,,,,,,,,,,,,
,,,,,,,,,,,,,,,,
,,,,,,,,,,,,,,,,
,,,,,,,,,,,,,,,,
,,,,,,,,,,,,,,,,
,,,,,,,,,,,,,,,,
,,,,,,,,,,,,,,,,
,,,,,,,,,,,,,,,,
,,,,,,,,,,,,,,,,
,,,,,,,,,,,,,,,,
,,,,,,,,,,,,,,,,
,,,,,,,,,,,,,,,,
,,,,,,,,,,,,,,,,
,,,,,,,,,,,,,,,,
,,,,,,,,,,,,,,,,
,,,,,,,,,,,,,,,,
,,,,,,,,,,,,,,,,
,,,,,,,,,,,,,,,,
,,,,,,,,,,,,,,,,
,,,,,,,,,,,,,,,,
,,,,,,,,,,,,,,,,
,,,,,,,,,,,,,,,,
,,,,,,,,,,,,,,,,
,,,,,,,,,,,,,,,,
,,,,,,,,,,,,,,,,
,,,,,,,,,,,,,,,,
,,,,,,,,,,,,,,,,
,,,,,,,,,,,,,,,,
,,,,,,,,,,,,,,,,
,,,,,,,,,,,,,,,,
,,,,,,,,,,,,,,,,
,,,,,,,,,,,,,,,,
,,,,,,,,,,,,,,,,
,,,,,,,,,,,,,,,,
,,,,,,,,,,,,,,,,
,,,,,,,,,,,,,,,,
,,,,,,,,,,,,,,,,
,,,,,,,,,,,,,,,,
,,,,,,,,,,,,,,,,
,,,,,,,,,,,,,,,,
,,,,,,,,,,,,,,,,
,,,,,,,,,,,,,,,,
,,,,,,,,,,,,,,,,
,,,,,,,,,,,,,,,,
,,,,,,,,,,,,,,,,
,,,,,,,,,,,,,,,,
,,,,,,,,,,,,,,,,
,,,,,,,,,,,,,,,,
,,,,,,,,,,,,,,,,
,,,,,,,,,,,,,,,,
,,,,,,,,,,,,,,,,
,,,,,,,,,,,,,,,,
,,,,,,,,,,,,,,,,
,,,,,,,,,,,,,,,,
,,,,,,,,,,,,,,,,
,,,,,,,,,,,,,,,,
,,,,,,,,,,,,,,,,
,,,,,,,,,,,,,,,,
,,,,,,,,,,,,,,,,
,,,,,,,,,,,,,,,,
,,,,,,,,,,,,,,,,
,,,,,,,,,,,,,,,,
,,,,,,,,,,,,,,,,
,,,,,,,,,,,,,,,,
,,,,,,,,,,,,,,,,
,,,,,,,,,,,,,,,,
,,,,,,,,,,,,,,,,
,,,,,,,,,,,,,,,,
,,,,,,,,,,,,,,,,
,,,,,,,,,,,,,,,,
,,,,,,,,,,,,,,,,
,,,,,,,,,,,,,,,,
,,,,,,,,,,,,,,,,
,,,,,,,,,,,,,,,,
20 matrices,EMBL,AP-SMALDI5/Orbitrap,5-Chloro-2-mercaptobenzothiazole,CMBT,pos,70-350,,150,,,,,,2021-07-10_00h13m11s,,
20 matrices,EMBL,AP-SMALDI5/Orbitrap,5-Chloro-2-mercaptobenzothiazole,CMBT,pos,300-1510,,150,,,,,,2021-07-10_00h13m11s,,
20 matrices,EMBL,AP-SMALDI5/Orbitrap,5-Chloro-2-mercaptobenzothiazole,CMBT,neg,70-350,,150,,,,,,2021-07-10_00h16m39s,,
20 matrices,EMBL,AP-SMALDI5/Orbitrap,5-Chloro-2-mercaptobenzothiazole,CMBT,neg,300-1510,,150,,,,,,2021-07-10_00h16m39s,,